Country Name,Region,Image URL,1896,1900,1904,1908,1912,1920,1924,1928,1932,1936,1948,1952,1956,1960,1964,1968,1972,1976,1980,1984,1988,1992,1996,2000,2004,2008,2012,2016,2021,2024,Total Gold
Afghanistan,Asia,https://public.flourish.studio/country-flags/svg/af.svg,0,0,0,0,0,0,0,0,0,0,0,0,0,0,0,0,0,0,0,0,0,0,0,0,0,0,0,0,0,0,0
AIN,,,0,0,0,0,0,0,0,0,0,0,0,0,0,0,0,0,0,0,0,0,0,0,0,0,0,0,0,0,0,1,1
Albania,Europe,https://public.flourish.studio/country-flags/svg/al.svg,0,0,0,0,0,0,0,0,0,0,0,0,0,0,0,0,0,0,0,0,0,0,0,0,0,0,0,0,0,0,0
Algeria,Africa,https://public.flourish.studio/country-flags/svg/dz.svg,0,0,0,0,0,0,0,0,0,0,0,0,0,0,0,0,0,0,0,0,0,1,2,1,0,0,1,0,0,2,7
American Samoa,Oceania,https://public.flourish.studio/country-flags/svg/as.svg,0,0,0,0,0,0,0,0,0,0,0,0,0,0,0,0,0,0,0,0,0,0,0,0,0,0,0,0,0,0,0
Andorra,Europe,https://public.flourish.studio/country-flags/svg/ad.svg,0,0,0,0,0,0,0,0,0,0,0,0,0,0,0,0,0,0,0,0,0,0,0,0,0,0,0,0,0,0,0
Angola,Africa,https://public.flourish.studio/country-flags/svg/ao.svg,0,0,0,0,0,0,0,0,0,0,0,0,0,0,0,0,0,0,0,0,0,0,0,0,0,0,0,0,0,0,0
Antigua and Barbuda,Americas,https://public.flourish.studio/country-flags/svg/ag.svg,0,0,0,0,0,0,0,0,0,0,0,0,0,0,0,0,0,0,0,0,0,0,0,0,0,0,0,0,0,0,0
Argentina,Americas,https://public.flourish.studio/country-flags/svg/ar.svg,0,0,0,0,0,0,1,3,3,2,3,1,0,0,0,0,0,0,0,0,0,0,0,0,2,2,1,3,0,1,22
Armenia,Asia,https://public.flourish.studio/country-flags/svg/am.svg,0,0,0,0,0,0,0,0,0,0,0,0,0,0,0,0,0,0,0,0,0,0,1,0,0,0,0,1,0,0,2
Aruba,Americas,https://public.flourish.studio/country-flags/svg/aw.svg,0,0,0,0,0,0,0,0,0,0,0,0,0,0,0,0,0,0,0,0,0,0,0,0,0,0,0,0,0,0,0
Australasia,,,0,0,0,1,2,0,0,0,0,0,0,0,0,0,0,0,0,0,0,0,0,0,0,0,0,0,0,0,0,0,3
Australia,Oceania,https://public.flourish.studio/country-flags/svg/au.svg,2,2,0,0,0,0,3,1,3,0,2,6,13,8,6,5,8,0,2,4,3,7,9,16,17,14,8,8,17,18,182
Austria,Europe,https://public.flourish.studio/country-flags/svg/at.svg,2,0,1,0,0,0,0,2,1,4,1,0,0,1,0,0,0,0,1,1,1,0,0,2,2,0,0,0,1,2,22
Azerbaijan,Asia,https://public.flourish.studio/country-flags/svg/az.svg,0,0,0,0,0,0,0,0,0,0,0,0,0,0,0,0,0,0,0,0,0,0,0,2,1,1,2,1,0,2,9
Bahamas,Americas,https://public.flourish.studio/country-flags/svg/bs.svg,0,0,0,0,0,0,0,0,0,0,0,0,0,0,1,0,0,0,0,0,0,0,0,2,1,0,1,1,2,0,8
Bahrain,Asia,https://public.flourish.studio/country-flags/svg/bh.svg,0,0,0,0,0,0,0,0,0,0,0,0,0,0,0,0,0,0,0,0,0,0,0,0,0,0,1,1,0,2,4
Bangladesh,Asia,https://public.flourish.studio/country-flags/svg/bd.svg,0,0,0,0,0,0,0,0,0,0,0,0,0,0,0,0,0,0,0,0,0,0,0,0,0,0,0,0,0,0,0
Barbados,Americas,https://public.flourish.studio/country-flags/svg/bb.svg,0,0,0,0,0,0,0,0,0,0,0,0,0,0,0,0,0,0,0,0,0,0,0,0,0,0,0,0,0,0,0
Belarus,Europe,https://public.flourish.studio/country-flags/svg/by.svg,0,0,0,0,0,0,0,0,0,0,0,0,0,0,0,0,0,0,0,0,0,0,1,3,2,3,2,1,1,0,13
Belgium,Europe,https://public.flourish.studio/country-flags/svg/be.svg,0,6,0,1,2,14,3,0,0,0,2,2,0,0,2,0,0,0,1,1,0,0,2,0,1,2,0,2,3,3,47
Belize,Americas,https://public.flourish.studio/country-flags/svg/bz.svg,0,0,0,0,0,0,0,0,0,0,0,0,0,0,0,0,0,0,0,0,0,0,0,0,0,0,0,0,0,0,0
Benin,Africa,https://public.flourish.studio/country-flags/svg/bj.svg,0,0,0,0,0,0,0,0,0,0,0,0,0,0,0,0,0,0,0,0,0,0,0,0,0,0,0,0,0,0,0
Bermuda,Americas,https://public.flourish.studio/country-flags/svg/bm.svg,0,0,0,0,0,0,0,0,0,0,0,0,0,0,0,0,0,0,0,0,0,0,0,0,0,0,0,0,1,0,1
Bhutan,Asia,https://public.flourish.studio/country-flags/svg/bt.svg,0,0,0,0,0,0,0,0,0,0,0,0,0,0,0,0,0,0,0,0,0,0,0,0,0,0,0,0,0,0,0
Bolivia,Americas,https://public.flourish.studio/country-flags/svg/bo.svg,0,0,0,0,0,0,0,0,0,0,0,0,0,0,0,0,0,0,0,0,0,0,0,0,0,0,0,0,0,0,0
Bosnia and Herzegovina,Europe,https://public.flourish.studio/country-flags/svg/ba.svg,0,0,0,0,0,0,0,0,0,0,0,0,0,0,0,0,0,0,0,0,0,0,0,0,0,0,0,0,0,0,0
Botswana,Africa,https://public.flourish.studio/country-flags/svg/bw.svg,0,0,0,0,0,0,0,0,0,0,0,0,0,0,0,0,0,0,0,0,0,0,0,0,0,0,0,0,0,1,1
Brazil,Americas,https://public.flourish.studio/country-flags/svg/br.svg,0,0,0,0,0,1,0,0,0,0,0,1,1,0,0,0,0,0,2,1,1,2,3,0,5,3,3,7,7,3,40
British Virgin Islands,Americas,https://public.flourish.studio/country-flags/svg/vg.svg,0,0,0,0,0,0,0,0,0,0,0,0,0,0,0,0,0,0,0,0,0,0,0,0,0,0,0,0,0,0,0
Brunei Darussalam,Asia,https://public.flourish.studio/country-flags/svg/bn.svg,0,0,0,0,0,0,0,0,0,0,0,0,0,0,0,0,0,0,0,0,0,0,0,0,0,0,0,0,0,0,0
Bulgaria,Europe,https://public.flourish.studio/country-flags/svg/bg.svg,0,0,0,0,0,0,0,0,0,0,0,0,1,1,3,2,6,6,8,0,10,3,3,5,2,1,0,0,3,3,57
Burkina Faso,Africa,https://public.flourish.studio/country-flags/svg/bf.svg,0,0,0,0,0,0,0,0,0,0,0,0,0,0,0,0,0,0,0,0,0,0,0,0,0,0,0,0,0,0,0
Burundi,Africa,https://public.flourish.studio/country-flags/svg/bi.svg,0,0,0,0,0,0,0,0,0,0,0,0,0,0,0,0,0,0,0,0,0,0,1,0,0,0,0,0,0,0,1
Cabo Verde,Africa,https://public.flourish.studio/country-flags/svg/cv.svg,0,0,0,0,0,0,0,0,0,0,0,0,0,0,0,0,0,0,0,0,0,0,0,0,0,0,0,0,0,0,0
Cambodia,Asia,https://public.flourish.studio/country-flags/svg/kh.svg,0,0,0,0,0,0,0,0,0,0,0,0,0,0,0,0,0,0,0,0,0,0,0,0,0,0,0,0,0,0,0
Cameroon,Africa,https://public.flourish.studio/country-flags/svg/cm.svg,0,0,0,0,0,0,0,0,0,0,0,0,0,0,0,0,0,0,0,0,0,0,0,1,1,1,0,0,0,0,3
Canada,Americas,https://public.flourish.studio/country-flags/svg/ca.svg,0,1,4,3,3,3,0,4,2,1,0,1,2,0,1,1,0,0,0,10,3,7,3,3,3,3,2,4,7,9,80
Cayman Islands,Americas,https://public.flourish.studio/country-flags/svg/ky.svg,0,0,0,0,0,0,0,0,0,0,0,0,0,0,0,0,0,0,0,0,0,0,0,0,0,0,0,0,0,0,0
Central African Republic,Africa,https://public.flourish.studio/country-flags/svg/cf.svg,0,0,0,0,0,0,0,0,0,0,0,0,0,0,0,0,0,0,0,0,0,0,0,0,0,0,0,0,0,0,0
Chad,Africa,https://public.flourish.studio/country-flags/svg/td.svg,0,0,0,0,0,0,0,0,0,0,0,0,0,0,0,0,0,0,0,0,0,0,0,0,0,0,0,0,0,0,0
Chile,Americas,https://public.flourish.studio/country-flags/svg/cl.svg,0,0,0,0,0,0,0,0,0,0,0,0,0,0,0,0,0,0,0,0,0,0,0,0,2,0,0,0,0,1,3
China,Asia,https://public.flourish.studio/country-flags/svg/cn.svg,0,0,0,0,0,0,0,0,0,0,0,0,0,0,0,0,0,0,0,15,5,16,17,28,34,49,40,27,41,44,316
Colombia,Americas,https://public.flourish.studio/country-flags/svg/co.svg,0,0,0,0,0,0,0,0,0,0,0,0,0,0,0,0,0,0,0,0,0,0,0,1,0,0,1,3,0,0,5
Comoros,Africa,https://public.flourish.studio/country-flags/svg/km.svg,0,0,0,0,0,0,0,0,0,0,0,0,0,0,0,0,0,0,0,0,0,0,0,0,0,0,0,0,0,0,0
"Congo, Dem. Rep.",Africa,https://public.flourish.studio/country-flags/svg/cd.svg,0,0,0,0,0,0,0,0,0,0,0,0,0,0,0,0,0,0,0,0,0,0,0,0,0,0,0,0,0,0,0
"Congo, Rep.",Africa,https://public.flourish.studio/country-flags/svg/cg.svg,0,0,0,0,0,0,0,0,0,0,0,0,0,0,0,0,0,0,0,0,0,0,0,0,0,0,0,0,0,0,0
Costa Rica,Americas,https://public.flourish.studio/country-flags/svg/cr.svg,0,0,0,0,0,0,0,0,0,0,0,0,0,0,0,0,0,0,0,0,0,0,1,0,0,0,0,0,0,0,1
Cote d'Ivoire,Africa,https://public.flourish.studio/country-flags/svg/ci.svg,0,0,0,0,0,0,0,0,0,0,0,0,0,0,0,0,0,0,0,0,0,0,0,0,0,0,0,1,0,0,1
Croatia,Europe,https://public.flourish.studio/country-flags/svg/hr.svg,0,0,0,0,0,0,0,0,0,0,0,0,0,0,0,0,0,0,0,0,0,0,1,1,1,0,3,5,3,2,16
Cuba,Americas,https://public.flourish.studio/country-flags/svg/cu.svg,0,1,3,0,0,0,0,0,0,0,0,0,0,0,0,0,3,6,8,0,0,14,9,11,9,3,5,5,7,2,86
Curacao,Americas,https://public.flourish.studio/country-flags/svg/cw.svg,0,0,0,0,0,0,0,0,0,0,0,0,0,0,0,0,0,0,0,0,0,0,0,0,0,0,0,0,0,0,0
Cyprus,Asia,https://public.flourish.studio/country-flags/svg/cy.svg,0,0,0,0,0,0,0,0,0,0,0,0,0,0,0,0,0,0,0,0,0,0,0,0,0,0,0,0,0,0,0
Czech Republic,Europe,https://public.flourish.studio/country-flags/svg/cz.svg,0,0,0,0,0,0,1,2,1,3,6,7,1,3,5,7,2,2,2,0,3,4,4,2,1,3,4,1,4,3,71
Denmark,Europe,https://public.flourish.studio/country-flags/svg/dk.svg,1,1,0,0,1,3,2,3,0,0,5,2,1,2,2,1,1,1,2,0,2,1,4,2,2,2,2,2,3,2,50
Djibouti,Africa,https://public.flourish.studio/country-flags/svg/dj.svg,0,0,0,0,0,0,0,0,0,0,0,0,0,0,0,0,0,0,0,0,0,0,0,0,0,0,0,0,0,0,0
Dominica,Americas,https://public.flourish.studio/country-flags/svg/dm.svg,0,0,0,0,0,0,0,0,0,0,0,0,0,0,0,0,0,0,0,0,0,0,0,0,0,0,0,0,0,1,1
Dominican Republic,Americas,https://public.flourish.studio/country-flags/svg/do.svg,0,0,0,0,0,0,0,0,0,0,0,0,0,0,0,0,0,0,0,0,0,0,0,0,1,1,1,0,0,1,4
Ecuador,Americas,https://public.flourish.studio/country-flags/svg/ec.svg,0,0,0,0,0,0,0,0,0,0,0,0,0,0,0,0,0,0,0,0,0,0,1,0,0,0,0,0,2,1,4
Egypt,Africa,https://public.flourish.studio/country-flags/svg/eg.svg,0,0,0,0,0,0,0,2,0,2,2,0,0,0,0,0,0,0,0,0,0,0,0,0,1,0,0,0,1,1,9
El Salvador,Americas,https://public.flourish.studio/country-flags/svg/sv.svg,0,0,0,0,0,0,0,0,0,0,0,0,0,0,0,0,0,0,0,0,0,0,0,0,0,0,0,0,0,0,0
Equatorial Guinea,Africa,https://public.flourish.studio/country-flags/svg/gq.svg,0,0,0,0,0,0,0,0,0,0,0,0,0,0,0,0,0,0,0,0,0,0,0,0,0,0,0,0,0,0,0
Eritrea,Africa,https://public.flourish.studio/country-flags/svg/er.svg,0,0,0,0,0,0,0,0,0,0,0,0,0,0,0,0,0,0,0,0,0,0,0,0,0,0,0,0,0,0,0
Estonia,Europe,https://public.flourish.studio/country-flags/svg/ee.svg,0,0,0,0,0,1,1,2,0,2,0,0,0,0,0,0,0,0,0,0,0,1,0,1,0,1,0,0,1,0,10
Eswatini,Africa,https://public.flourish.studio/country-flags/svg/sz.svg,0,0,0,0,0,0,0,0,0,0,0,0,0,0,0,0,0,0,0,0,0,0,0,0,0,0,0,0,0,0,0
Ethiopia,Africa,https://public.flourish.studio/country-flags/svg/et.svg,0,0,0,0,0,0,0,0,0,0,0,0,0,1,1,1,0,0,2,0,0,1,2,4,2,4,3,1,1,1,24
Faroe Islands,Europe,https://public.flourish.studio/country-flags/svg/fo.svg,0,0,0,0,0,0,0,0,0,0,0,0,0,0,0,0,0,0,0,0,0,0,0,0,0,0,0,0,0,0,0
Fiji,Oceania,https://public.flourish.studio/country-flags/svg/fj.svg,0,0,0,0,0,0,0,0,0,0,0,0,0,0,0,0,0,0,0,0,0,0,0,0,0,0,0,1,1,0,2
Finland,Europe,https://public.flourish.studio/country-flags/svg/fi.svg,0,0,0,1,9,15,14,8,5,7,8,6,3,1,3,1,3,4,3,4,1,1,1,2,0,1,0,0,0,0,101
France,Europe,https://public.flourish.studio/country-flags/svg/fr.svg,5,30,0,5,7,9,13,6,10,7,10,6,4,0,1,7,2,2,6,5,6,8,15,13,11,7,11,10,10,16,242
French Polynesia,Oceania,https://public.flourish.studio/country-flags/svg/pf.svg,0,0,0,0,0,0,0,0,0,0,0,0,0,0,0,0,0,0,0,0,0,0,0,0,0,0,0,0,0,0,0
Gabon,Africa,https://public.flourish.studio/country-flags/svg/ga.svg,0,0,0,0,0,0,0,0,0,0,0,0,0,0,0,0,0,0,0,0,0,0,0,0,0,0,0,0,0,0,0
"Gambia, The",Africa,https://public.flourish.studio/country-flags/svg/gm.svg,0,0,0,0,0,0,0,0,0,0,0,0,0,0,0,0,0,0,0,0,0,0,0,0,0,0,0,0,0,0,0
Georgia,Asia,https://public.flourish.studio/country-flags/svg/ge.svg,0,0,0,0,0,0,0,0,0,0,0,0,0,0,0,0,0,0,0,0,0,0,0,0,2,3,1,2,2,3,13
Germany,Europe,https://public.flourish.studio/country-flags/svg/de.svg,6,4,4,3,5,0,0,10,3,33,0,0,6,12,10,14,33,50,47,17,48,33,20,13,13,16,11,17,10,12,450
Ghana,Africa,https://public.flourish.studio/country-flags/svg/gh.svg,0,0,0,0,0,0,0,0,0,0,0,0,0,0,0,0,0,0,0,0,0,0,0,0,0,0,0,0,0,0,0
Gibraltar,Europe,https://public.flourish.studio/country-flags/svg/gi.svg,0,0,0,0,0,0,0,0,0,0,0,0,0,0,0,0,0,0,0,0,0,0,0,0,0,0,0,0,0,0,0
Greece,Europe,https://public.flourish.studio/country-flags/svg/gr.svg,10,0,1,0,1,0,0,0,0,0,0,0,0,1,0,0,0,0,1,0,0,2,4,4,6,0,0,3,2,1,36
Greenland,Americas,https://public.flourish.studio/country-flags/svg/gl.svg,0,0,0,0,0,0,0,0,0,0,0,0,0,0,0,0,0,0,0,0,0,0,0,0,0,0,0,0,0,0,0
Grenada,Americas,https://public.flourish.studio/country-flags/svg/gd.svg,0,0,0,0,0,0,0,0,0,0,0,0,0,0,0,0,0,0,0,0,0,0,0,0,0,0,1,0,0,0,1
Guam,Oceania,https://public.flourish.studio/country-flags/svg/gu.svg,0,0,0,0,0,0,0,0,0,0,0,0,0,0,0,0,0,0,0,0,0,0,0,0,0,0,0,0,0,0,0
Guatemala,Americas,https://public.flourish.studio/country-flags/svg/gt.svg,0,0,0,0,0,0,0,0,0,0,0,0,0,0,0,0,0,0,0,0,0,0,0,0,0,0,0,0,0,1,1
Guinea,Africa,https://public.flourish.studio/country-flags/svg/gn.svg,0,0,0,0,0,0,0,0,0,0,0,0,0,0,0,0,0,0,0,0,0,0,0,0,0,0,0,0,0,0,0
Guinea-Bissau,Africa,https://public.flourish.studio/country-flags/svg/gw.svg,0,0,0,0,0,0,0,0,0,0,0,0,0,0,0,0,0,0,0,0,0,0,0,0,0,0,0,0,0,0,0
Guyana,Americas,https://public.flourish.studio/country-flags/svg/gy.svg,0,0,0,0,0,0,0,0,0,0,0,0,0,0,0,0,0,0,0,0,0,0,0,0,0,0,0,0,0,0,0
Haiti,Americas,https://public.flourish.studio/country-flags/svg/ht.svg,0,0,0,0,0,0,0,0,0,0,0,0,0,0,0,0,0,0,0,0,0,0,0,0,0,0,0,0,0,0,0
Honduras,Americas,https://public.flourish.studio/country-flags/svg/hn.svg,0,0,0,0,0,0,0,0,0,0,0,0,0,0,0,0,0,0,0,0,0,0,0,0,0,0,0,0,0,0,0
"Hong Kong SAR, China",Asia,https://public.flourish.studio/country-flags/svg/hk.svg,0,0,0,0,0,0,0,0,0,0,0,0,0,0,0,0,0,0,0,0,0,0,0,0,0,0,0,0,0,0,0
Hungary,Europe,https://public.flourish.studio/country-flags/svg/hu.svg,2,1,2,3,3,0,2,4,6,10,10,16,9,6,10,10,6,4,7,0,11,11,7,8,8,3,8,8,6,6,187
Iceland,Europe,https://public.flourish.studio/country-flags/svg/is.svg,0,0,0,0,0,0,0,0,0,0,0,0,0,0,0,0,0,0,0,0,0,0,0,0,0,0,0,0,0,0,0
Independent Olympic Athletes,,,0,0,0,0,0,0,0,0,0,0,0,0,0,0,0,0,0,0,0,0,0,0,0,0,0,0,0,1,0,0,1
India,Asia,https://public.flourish.studio/country-flags/svg/in.svg,0,0,0,0,0,0,0,1,1,1,1,1,1,0,1,0,0,0,1,0,0,0,0,0,0,1,0,0,1,0,10
Indonesia,Asia,https://public.flourish.studio/country-flags/svg/id.svg,0,0,0,0,0,0,0,0,0,0,0,0,0,0,0,0,0,0,0,0,0,2,1,1,1,1,0,1,1,2,10
Iran,Asia,https://public.flourish.studio/country-flags/svg/ir.svg,0,0,0,0,0,0,0,0,0,0,0,0,2,0,0,2,0,0,0,0,0,0,1,3,2,1,7,3,3,3,27
Iraq,Asia,https://public.flourish.studio/country-flags/svg/iq.svg,0,0,0,0,0,0,0,0,0,0,0,0,0,0,0,0,0,0,0,0,0,0,0,0,0,0,0,0,0,0,0
Ireland,Europe,https://public.flourish.studio/country-flags/svg/ie.svg,0,0,0,0,0,0,0,1,2,0,0,0,1,0,0,0,0,0,0,0,0,1,3,0,0,0,1,0,2,4,15
Isle of Man,Europe,https://public.flourish.studio/country-flags/svg/im.svg,0,0,0,0,0,0,0,0,0,0,0,0,0,0,0,0,0,0,0,0,0,0,0,0,0,0,0,0,0,0,0
Israel,Asia,https://public.flourish.studio/country-flags/svg/il.svg,0,0,0,0,0,0,0,0,0,0,0,0,0,0,0,0,0,0,0,0,0,0,0,0,1,0,0,0,2,1,4
Italy,Europe,https://public.flourish.studio/country-flags/svg/it.svg,0,3,0,2,3,13,8,7,12,8,8,8,8,13,10,3,5,2,8,14,6,6,13,13,10,8,8,8,10,12,229
Jamaica,Americas,https://public.flourish.studio/country-flags/svg/jm.svg,0,0,0,0,0,0,0,0,0,0,0,0,0,0,0,0,0,1,0,0,0,0,1,0,2,5,4,6,4,1,24
"Jamaica, British",Americas,https://public.flourish.studio/country-flags/svg/jm.svg,0,0,0,0,0,0,0,0,0,0,1,2,0,0,0,0,0,0,0,0,0,0,0,0,0,0,0,0,0,0,3
Japan,Asia,https://public.flourish.studio/country-flags/svg/jp.svg,0,0,0,0,0,0,0,2,7,6,0,1,4,4,16,11,13,9,0,10,4,3,3,5,16,9,7,12,27,20,189
Jordan,Asia,https://public.flourish.studio/country-flags/svg/jo.svg,0,0,0,0,0,0,0,0,0,0,0,0,0,0,0,0,0,0,0,0,0,0,0,0,0,0,0,1,0,0,1
Kazakhstan,Asia,https://public.flourish.studio/country-flags/svg/kz.svg,0,0,0,0,0,0,0,0,0,0,0,0,0,0,0,0,0,0,0,0,0,0,3,3,1,2,3,2,0,1,15
Kenya,Africa,https://public.flourish.studio/country-flags/svg/ke.svg,0,0,0,0,0,0,0,0,0,0,0,0,0,0,0,3,2,0,0,1,5,2,1,2,1,6,2,6,4,4,39
Kiribati,Oceania,https://public.flourish.studio/country-flags/svg/ki.svg,0,0,0,0,0,0,0,0,0,0,0,0,0,0,0,0,0,0,0,0,0,0,0,0,0,0,0,0,0,0,0
Korea,Asia,https://public.flourish.studio/country-flags/svg/kp.svg,0,0,0,0,0,0,0,0,0,0,0,0,0,0,0,0,1,2,0,6,12,16,9,8,9,15,17,11,6,13,125
"Korea, Rep.",Asia,https://public.flourish.studio/country-flags/svg/kr.svg,0,0,0,0,0,0,0,0,0,0,0,0,0,0,0,0,0,0,0,0,0,0,0,0,0,0,0,0,0,0,0
Kosovo,,,0,0,0,0,0,0,0,0,0,0,0,0,0,0,0,0,0,0,0,0,0,0,0,0,0,0,0,1,2,0,3
Kuwait,Asia,https://public.flourish.studio/country-flags/svg/kw.svg,0,0,0,0,0,0,0,0,0,0,0,0,0,0,0,0,0,0,0,0,0,0,0,0,0,0,0,0,0,0,0
Kyrgyz Republic,Asia,https://public.flourish.studio/country-flags/svg/kg.svg,0,0,0,0,0,0,0,0,0,0,0,0,0,0,0,0,0,0,0,0,0,0,0,0,0,0,0,0,0,0,0
Lao PDR,Asia,https://public.flourish.studio/country-flags/svg/la.svg,0,0,0,0,0,0,0,0,0,0,0,0,0,0,0,0,0,0,0,0,0,0,0,0,0,0,0,0,0,0,0
Latvia,Europe,https://public.flourish.studio/country-flags/svg/lv.svg,0,0,0,0,0,0,0,0,0,0,0,0,0,0,0,0,0,0,0,0,0,0,0,1,0,1,1,0,1,0,4
Lebanon,Asia,https://public.flourish.studio/country-flags/svg/lb.svg,0,0,0,0,0,0,0,0,0,0,0,0,0,0,0,0,0,0,0,0,0,0,0,0,0,0,0,0,0,0,0
Lesotho,Africa,https://public.flourish.studio/country-flags/svg/ls.svg,0,0,0,0,0,0,0,0,0,0,0,0,0,0,0,0,0,0,0,0,0,0,0,0,0,0,0,0,0,0,0
Liberia,Africa,https://public.flourish.studio/country-flags/svg/lr.svg,0,0,0,0,0,0,0,0,0,0,0,0,0,0,0,0,0,0,0,0,0,0,0,0,0,0,0,0,0,0,0
Libya,Africa,https://public.flourish.studio/country-flags/svg/ly.svg,0,0,0,0,0,0,0,0,0,0,0,0,0,0,0,0,0,0,0,0,0,0,0,0,0,0,0,0,0,0,0
Liechtenstein,Europe,https://public.flourish.studio/country-flags/svg/li.svg,0,0,0,0,0,0,0,0,0,0,0,0,0,0,0,0,0,0,0,0,0,0,0,0,0,0,0,0,0,0,0
Lithuania,Europe,https://public.flourish.studio/country-flags/svg/lt.svg,0,0,0,0,0,0,0,0,0,0,0,0,0,0,0,0,0,0,0,0,0,1,0,2,1,0,2,0,0,0,6
Luxembourg,Europe,https://public.flourish.studio/country-flags/svg/lu.svg,0,1,0,0,0,0,0,0,0,0,0,1,0,0,0,0,0,0,0,0,0,0,0,0,0,0,0,0,0,0,2
"Macao SAR, China",Asia,https://public.flourish.studio/country-flags/svg/mo.svg,0,0,0,0,0,0,0,0,0,0,0,0,0,0,0,0,0,0,0,0,0,0,0,0,0,0,0,0,0,0,0
"Macedonia, FYR",Europe,https://public.flourish.studio/country-flags/svg/mk.svg,0,0,0,0,0,0,0,0,0,0,0,0,0,0,0,0,0,0,0,0,0,0,0,0,0,0,0,0,0,0,0
Madagascar,Africa,https://public.flourish.studio/country-flags/svg/mg.svg,0,0,0,0,0,0,0,0,0,0,0,0,0,0,0,0,0,0,0,0,0,0,0,0,0,0,0,0,0,0,0
Malawi,Africa,https://public.flourish.studio/country-flags/svg/mw.svg,0,0,0,0,0,0,0,0,0,0,0,0,0,0,0,0,0,0,0,0,0,0,0,0,0,0,0,0,0,0,0
Malaysia,Asia,https://public.flourish.studio/country-flags/svg/my.svg,0,0,0,0,0,0,0,0,0,0,0,0,0,0,0,0,0,0,0,0,0,0,0,0,0,0,0,0,0,0,0
Maldives,Asia,https://public.flourish.studio/country-flags/svg/mv.svg,0,0,0,0,0,0,0,0,0,0,0,0,0,0,0,0,0,0,0,0,0,0,0,0,0,0,0,0,0,0,0
Mali,Africa,https://public.flourish.studio/country-flags/svg/ml.svg,0,0,0,0,0,0,0,0,0,0,0,0,0,0,0,0,0,0,0,0,0,0,0,0,0,0,0,0,0,0,0
Malta,Europe,https://public.flourish.studio/country-flags/svg/mt.svg,0,0,0,0,0,0,0,0,0,0,0,0,0,0,0,0,0,0,0,0,0,0,0,0,0,0,0,0,0,0,0
Marshall Islands,Oceania,https://public.flourish.studio/country-flags/svg/mh.svg,0,0,0,0,0,0,0,0,0,0,0,0,0,0,0,0,0,0,0,0,0,0,0,0,0,0,0,0,0,0,0
Mauritania,Africa,https://public.flourish.studio/country-flags/svg/mr.svg,0,0,0,0,0,0,0,0,0,0,0,0,0,0,0,0,0,0,0,0,0,0,0,0,0,0,0,0,0,0,0
Mauritius,Africa,https://public.flourish.studio/country-flags/svg/mu.svg,0,0,0,0,0,0,0,0,0,0,0,0,0,0,0,0,0,0,0,0,0,0,0,0,0,0,0,0,0,0,0
Mexico,Americas,https://public.flourish.studio/country-flags/svg/mx.svg,0,0,0,0,0,0,0,0,0,0,2,0,1,0,0,3,0,1,0,2,0,0,0,1,0,2,1,0,0,0,13
"Micronesia, Fed. Sts.",Oceania,https://public.flourish.studio/country-flags/svg/fm.svg,0,0,0,0,0,0,0,0,0,0,0,0,0,0,0,0,0,0,0,0,0,0,0,0,0,0,0,0,0,0,0
Mixed Team,,,1,1,1,0,0,0,0,0,0,0,0,0,0,0,0,0,0,0,0,0,0,0,0,0,0,0,0,0,0,0,3
Moldova,Europe,https://public.flourish.studio/country-flags/svg/md.svg,0,0,0,0,0,0,0,0,0,0,0,0,0,0,0,0,0,0,0,0,0,0,0,0,0,0,0,0,0,0,0
Monaco,Europe,https://public.flourish.studio/country-flags/svg/mc.svg,0,0,0,0,0,0,0,0,0,0,0,0,0,0,0,0,0,0,0,0,0,0,0,0,0,0,0,0,0,0,0
Mongolia,Asia,https://public.flourish.studio/country-flags/svg/mn.svg,0,0,0,0,0,0,0,0,0,0,0,0,0,0,0,0,0,0,0,0,0,0,0,0,0,2,0,0,0,0,2
Montenegro,Europe,https://public.flourish.studio/country-flags/svg/me.svg,0,0,0,0,0,0,0,0,0,0,0,0,0,0,0,0,0,0,0,0,0,0,0,0,0,0,0,0,0,0,0
Morocco,Africa,https://public.flourish.studio/country-flags/svg/ma.svg,0,0,0,0,0,0,0,0,0,0,0,0,0,0,0,0,0,0,0,2,1,1,0,0,2,0,0,0,1,1,8
Mozambique,Africa,https://public.flourish.studio/country-flags/svg/mz.svg,0,0,0,0,0,0,0,0,0,0,0,0,0,0,0,0,0,0,0,0,0,0,0,1,0,0,0,0,0,0,1
Myanmar,Asia,https://public.flourish.studio/country-flags/svg/mm.svg,0,0,0,0,0,0,0,0,0,0,0,0,0,0,0,0,0,0,0,0,0,0,0,0,0,0,0,0,0,0,0
Namibia,Africa,https://public.flourish.studio/country-flags/svg/na.svg,0,0,0,0,0,0,0,0,0,0,0,0,0,0,0,0,0,0,0,0,0,0,0,0,0,0,0,0,0,0,0
Nauru,Oceania,https://public.flourish.studio/country-flags/svg/nr.svg,0,0,0,0,0,0,0,0,0,0,0,0,0,0,0,0,0,0,0,0,0,0,0,0,0,0,0,0,0,0,0
Nepal,Asia,https://public.flourish.studio/country-flags/svg/np.svg,0,0,0,0,0,0,0,0,0,0,0,0,0,0,0,0,0,0,0,0,0,0,0,0,0,0,0,0,0,0,0
Netherlands,Europe,https://public.flourish.studio/country-flags/svg/nl.svg,0,1,0,0,0,4,4,6,2,6,5,0,0,0,2,3,3,0,0,5,2,2,4,12,4,7,6,8,10,15,111
New Caledonia,Oceania,https://public.flourish.studio/country-flags/svg/nc.svg,0,0,0,0,0,0,0,0,0,0,0,0,0,0,0,0,0,0,0,0,0,0,0,0,0,0,0,0,0,0,0
New Zealand,Oceania,https://public.flourish.studio/country-flags/svg/nz.svg,0,0,0,0,0,0,0,1,0,1,0,1,2,2,3,1,1,2,0,8,3,1,3,1,3,3,6,4,7,10,63
Nicaragua,Americas,https://public.flourish.studio/country-flags/svg/ni.svg,0,0,0,0,0,0,0,0,0,0,0,0,0,0,0,0,0,0,0,0,0,0,0,0,0,0,0,0,0,0,0
Niger,Africa,https://public.flourish.studio/country-flags/svg/ne.svg,0,0,0,0,0,0,0,0,0,0,0,0,0,0,0,0,0,0,0,0,0,0,0,0,0,0,0,0,0,0,0
Nigeria,Africa,https://public.flourish.studio/country-flags/svg/ng.svg,0,0,0,0,0,0,0,0,0,0,0,0,0,0,0,0,0,0,0,0,0,0,2,1,0,0,0,0,0,0,3
Northern Mariana Islands,Oceania,https://public.flourish.studio/country-flags/svg/mp.svg,0,0,0,0,0,0,0,0,0,0,0,0,0,0,0,0,0,0,0,0,0,0,0,0,0,0,0,0,0,0,0
Norway,Europe,https://public.flourish.studio/country-flags/svg/no.svg,0,0,2,2,3,13,5,1,0,1,1,3,1,1,0,1,2,1,0,0,2,2,2,4,5,3,2,0,4,4,65
Oman,Asia,https://public.flourish.studio/country-flags/svg/om.svg,0,0,0,0,0,0,0,0,0,0,0,0,0,0,0,0,0,0,0,0,0,0,0,0,0,0,0,0,0,0,0
Pakistan,Asia,https://public.flourish.studio/country-flags/svg/pk.svg,0,0,0,0,0,0,0,0,0,0,0,0,0,1,0,1,0,0,0,1,0,0,0,0,0,0,0,0,0,1,4
Palau,Oceania,https://public.flourish.studio/country-flags/svg/pw.svg,0,0,0,0,0,0,0,0,0,0,0,0,0,0,0,0,0,0,0,0,0,0,0,0,0,0,0,0,0,0,0
Panama,Americas,https://public.flourish.studio/country-flags/svg/pa.svg,0,0,0,0,0,0,0,0,0,0,0,0,0,0,0,0,0,0,0,0,0,0,0,0,0,1,0,0,0,0,1
Papua New Guinea,Oceania,https://public.flourish.studio/country-flags/svg/pg.svg,0,0,0,0,0,0,0,0,0,0,0,0,0,0,0,0,0,0,0,0,0,0,0,0,0,0,0,0,0,0,0
Paraguay,Americas,https://public.flourish.studio/country-flags/svg/py.svg,0,0,0,0,0,0,0,0,0,0,0,0,0,0,0,0,0,0,0,0,0,0,0,0,0,0,0,0,0,0,0
Peru,Americas,https://public.flourish.studio/country-flags/svg/pe.svg,0,0,0,0,0,0,0,0,0,0,1,0,0,0,0,0,0,0,0,0,0,0,0,0,0,0,0,0,0,0,1
Philippines,Asia,https://public.flourish.studio/country-flags/svg/ph.svg,0,0,0,0,0,0,0,0,0,0,0,0,0,0,0,0,0,0,0,0,0,0,0,0,0,0,0,0,1,2,3
Poland,Europe,https://public.flourish.studio/country-flags/svg/pl.svg,0,0,0,0,0,0,0,1,2,0,0,1,1,4,7,5,7,7,3,0,2,3,7,6,3,4,3,2,4,1,73
Portugal,Europe,https://public.flourish.studio/country-flags/svg/pt.svg,0,0,0,0,0,0,0,0,0,0,0,0,0,0,0,0,0,0,0,1,1,0,1,0,0,1,0,0,1,1,6
Puerto Rico,Americas,https://public.flourish.studio/country-flags/svg/pr.svg,0,0,0,0,0,0,0,0,0,0,0,0,0,0,0,0,0,0,0,0,0,0,0,0,0,0,0,1,1,0,2
Qatar,Asia,https://public.flourish.studio/country-flags/svg/qa.svg,0,0,0,0,0,0,0,0,0,0,0,0,0,0,0,0,0,0,0,0,0,0,0,0,0,0,0,0,2,0,2
Romania,Europe,https://public.flourish.studio/country-flags/svg/ro.svg,0,0,0,0,0,0,0,0,0,0,0,1,5,3,2,4,3,4,6,20,7,4,4,11,8,4,2,1,1,3,93
Russia,Europe,https://public.flourish.studio/country-flags/svg/ru.svg,0,0,0,0,0,0,0,0,0,0,0,0,0,0,0,0,0,0,0,0,0,0,26,32,28,24,18,19,20,0,167
Russian Empire,Europe,,0,0,0,1,0,0,0,0,0,0,0,0,0,0,0,0,0,0,0,0,0,0,0,0,0,0,0,0,0,0,1
Rwanda,Africa,https://public.flourish.studio/country-flags/svg/rw.svg,0,0,0,0,0,0,0,0,0,0,0,0,0,0,0,0,0,0,0,0,0,0,0,0,0,0,0,0,0,0,0
Saint Lucia,,,0,0,0,0,0,0,0,0,0,0,0,0,0,0,0,0,0,0,0,0,0,0,0,0,0,0,0,0,0,1,1
Samoa,Oceania,https://public.flourish.studio/country-flags/svg/ws.svg,0,0,0,0,0,0,0,0,0,0,0,0,0,0,0,0,0,0,0,0,0,0,0,0,0,0,0,0,0,0,0
San Marino,Europe,https://public.flourish.studio/country-flags/svg/sm.svg,0,0,0,0,0,0,0,0,0,0,0,0,0,0,0,0,0,0,0,0,0,0,0,0,0,0,0,0,0,0,0
Sao Tome and Principe,Africa,https://public.flourish.studio/country-flags/svg/st.svg,0,0,0,0,0,0,0,0,0,0,0,0,0,0,0,0,0,0,0,0,0,0,0,0,0,0,0,0,0,0,0
Saudi Arabia,Asia,https://public.flourish.studio/country-flags/svg/sa.svg,0,0,0,0,0,0,0,0,0,0,0,0,0,0,0,0,0,0,0,0,0,0,0,0,0,0,0,0,0,0,0
Senegal,Africa,https://public.flourish.studio/country-flags/svg/sn.svg,0,0,0,0,0,0,0,0,0,0,0,0,0,0,0,0,0,0,0,0,0,0,0,0,0,0,0,0,0,0,0
Serbia,Europe,https://public.flourish.studio/country-flags/svg/rs.svg,0,0,0,0,0,0,0,0,0,0,0,0,0,0,0,0,0,0,0,0,0,0,0,0,0,0,1,2,3,3,9
Seychelles,Africa,https://public.flourish.studio/country-flags/svg/sc.svg,0,0,0,0,0,0,0,0,0,0,0,0,0,0,0,0,0,0,0,0,0,0,0,0,0,0,0,0,0,0,0
Sierra Leone,Africa,https://public.flourish.studio/country-flags/svg/sl.svg,0,0,0,0,0,0,0,0,0,0,0,0,0,0,0,0,0,0,0,0,0,0,0,0,0,0,0,0,0,0,0
Singapore,Asia,https://public.flourish.studio/country-flags/svg/sg.svg,0,0,0,0,0,0,0,0,0,0,0,0,0,0,0,0,0,0,0,0,0,0,0,0,0,0,0,1,0,0,1
Sint Maarten (Dutch part),Americas,https://public.flourish.studio/country-flags/svg/sx.svg,0,0,0,0,0,0,0,0,0,0,0,0,0,0,0,0,0,0,0,0,0,0,0,0,0,0,0,0,0,0,0
Slovak Republic,Europe,https://public.flourish.studio/country-flags/svg/sk.svg,0,0,0,0,0,0,0,0,0,0,0,0,0,0,0,0,0,0,0,0,0,0,1,1,2,3,0,2,1,0,10
Slovenia,Europe,https://public.flourish.studio/country-flags/svg/si.svg,0,0,0,0,0,0,0,0,0,0,0,0,0,0,0,0,0,0,0,0,0,0,0,2,0,1,1,1,3,2,10
Solomon Islands,Oceania,https://public.flourish.studio/country-flags/svg/sb.svg,0,0,0,0,0,0,0,0,0,0,0,0,0,0,0,0,0,0,0,0,0,0,0,0,0,0,0,0,0,0,0
Somalia,Africa,https://public.flourish.studio/country-flags/svg/so.svg,0,0,0,0,0,0,0,0,0,0,0,0,0,0,0,0,0,0,0,0,0,0,0,0,0,0,0,0,0,0,0
South Africa,Africa,https://public.flourish.studio/country-flags/svg/za.svg,0,0,0,1,4,3,1,1,2,0,2,2,0,0,0,0,0,0,0,0,0,0,3,0,1,0,4,2,1,1,28
South Sudan,Africa,https://public.flourish.studio/country-flags/svg/ss.svg,0,0,0,0,0,0,0,0,0,0,0,0,0,0,0,0,0,0,0,0,0,0,0,0,0,0,0,0,0,0,0
Spain,Europe,https://public.flourish.studio/country-flags/svg/es.svg,0,1,0,0,0,0,0,1,0,0,0,0,0,0,0,0,0,0,1,1,1,13,5,3,3,5,4,7,3,5,53
Sri Lanka,Asia,https://public.flourish.studio/country-flags/svg/lk.svg,0,0,0,0,0,0,0,0,0,0,0,0,0,0,0,0,0,0,0,0,0,0,0,0,0,0,0,0,0,0,0
St. Kitts and Nevis,Americas,https://public.flourish.studio/country-flags/svg/kn.svg,0,0,0,0,0,0,0,0,0,0,0,0,0,0,0,0,0,0,0,0,0,0,0,0,0,0,0,0,0,0,0
St. Lucia,Americas,https://public.flourish.studio/country-flags/svg/lc.svg,0,0,0,0,0,0,0,0,0,0,0,0,0,0,0,0,0,0,0,0,0,0,0,0,0,0,0,0,0,0,0
St. Martin (French part),Americas,https://public.flourish.studio/country-flags/svg/mf.svg,0,0,0,0,0,0,0,0,0,0,0,0,0,0,0,0,0,0,0,0,0,0,0,0,0,0,0,0,0,0,0
St. Vincent and the Grenadines,Americas,https://public.flourish.studio/country-flags/svg/vc.svg,0,0,0,0,0,0,0,0,0,0,0,0,0,0,0,0,0,0,0,0,0,0,0,0,0,0,0,0,0,0,0
Sudan,Africa,https://public.flourish.studio/country-flags/svg/sd.svg,0,0,0,0,0,0,0,0,0,0,0,0,0,0,0,0,0,0,0,0,0,0,0,0,0,0,0,0,0,0,0
Suriname,Americas,https://public.flourish.studio/country-flags/svg/sr.svg,0,0,0,0,0,0,0,0,0,0,0,0,0,0,0,0,0,0,0,0,1,0,0,0,0,0,0,0,0,0,1
Sweden,Europe,https://public.flourish.studio/country-flags/svg/se.svg,0,0,0,8,23,19,4,7,9,6,16,12,8,1,2,2,4,4,3,2,0,1,2,4,4,0,1,2,3,4,151
Switzerland,Europe,https://public.flourish.studio/country-flags/svg/ch.svg,1,6,1,0,0,2,7,7,0,1,5,2,0,0,1,0,0,1,2,0,0,1,4,1,1,2,2,3,3,1,54
Syria,,,0,0,0,0,0,0,0,0,0,0,0,0,0,0,0,0,0,0,0,0,0,0,1,0,0,0,0,0,0,0,1
Syrian Arab Republic,Asia,https://public.flourish.studio/country-flags/svg/sy.svg,0,0,0,0,0,0,0,0,0,0,0,0,0,0,0,0,0,0,0,0,0,0,0,0,0,0,0,0,0,0,0
Tajikistan,Asia,https://public.flourish.studio/country-flags/svg/tj.svg,0,0,0,0,0,0,0,0,0,0,0,0,0,0,0,0,0,0,0,0,0,0,0,0,0,0,0,1,0,0,1
Tanzania,Africa,https://public.flourish.studio/country-flags/svg/tz.svg,0,0,0,0,0,0,0,0,0,0,0,0,0,0,0,0,0,0,0,0,0,0,0,0,0,0,0,0,0,0,0
Thailand,Asia,https://public.flourish.studio/country-flags/svg/th.svg,0,0,0,0,0,0,0,0,0,0,0,0,0,0,0,0,0,0,0,0,0,0,1,1,3,2,0,2,1,1,11
Timor-Leste,Asia,https://public.flourish.studio/country-flags/svg/tl.svg,0,0,0,0,0,0,0,0,0,0,0,0,0,0,0,0,0,0,0,0,0,0,0,0,0,0,0,0,0,0,0
Togo,Africa,https://public.flourish.studio/country-flags/svg/tg.svg,0,0,0,0,0,0,0,0,0,0,0,0,0,0,0,0,0,0,0,0,0,0,0,0,0,0,0,0,0,0,0
Tonga,Oceania,https://public.flourish.studio/country-flags/svg/to.svg,0,0,0,0,0,0,0,0,0,0,0,0,0,0,0,0,0,0,0,0,0,0,0,0,0,0,0,0,0,0,0
Trinidad and Tobago,Americas,https://public.flourish.studio/country-flags/svg/tt.svg,0,0,0,0,0,0,0,0,0,0,0,0,0,0,0,0,0,1,0,0,0,0,0,0,0,1,1,0,0,0,3
Tunisia,Africa,https://public.flourish.studio/country-flags/svg/tn.svg,0,0,0,0,0,0,0,0,0,0,0,0,0,0,0,1,0,0,0,0,0,0,0,0,0,1,2,0,1,1,6
Turkey,Asia,https://public.flourish.studio/country-flags/svg/tr.svg,0,0,0,0,0,0,0,0,0,1,6,2,3,7,2,2,0,0,0,0,1,2,4,3,3,1,1,1,2,0,41
Turkmenistan,Asia,https://public.flourish.studio/country-flags/svg/tm.svg,0,0,0,0,0,0,0,0,0,0,0,0,0,0,0,0,0,0,0,0,0,0,0,0,0,0,0,0,0,0,0
Turks and Caicos Islands,Americas,https://public.flourish.studio/country-flags/svg/tc.svg,0,0,0,0,0,0,0,0,0,0,0,0,0,0,0,0,0,0,0,0,0,0,0,0,0,0,0,0,0,0,0
Tuvalu,Oceania,https://public.flourish.studio/country-flags/svg/tv.svg,0,0,0,0,0,0,0,0,0,0,0,0,0,0,0,0,0,0,0,0,0,0,0,0,0,0,0,0,0,0,0
UAE,Asia,https://public.flourish.studio/country-flags/svg/ae.svg,0,0,0,0,0,0,0,0,0,0,0,0,0,0,0,0,0,0,0,0,0,0,0,0,0,0,0,0,0,0,0
Uganda,Africa,https://public.flourish.studio/country-flags/svg/ug.svg,0,0,0,0,0,0,0,0,0,0,0,0,0,0,0,0,1,0,0,0,0,0,0,0,0,0,1,0,2,1,5
UK,Europe,https://public.flourish.studio/country-flags/svg/gb.svg,2,18,1,56,10,14,9,3,4,4,3,1,6,2,4,5,4,3,5,5,5,5,1,11,9,19,29,27,22,14,301
Ukraine,Europe,https://public.flourish.studio/country-flags/svg/ua.svg,0,0,0,0,0,0,0,0,0,0,0,0,0,0,0,0,0,0,0,0,0,0,9,3,8,7,5,2,1,3,38
United Arab Emirates,,,0,0,0,0,0,0,0,0,0,0,0,0,0,0,0,0,0,0,0,0,0,0,0,0,1,0,0,0,0,0,1
Uruguay,Americas,https://public.flourish.studio/country-flags/svg/uy.svg,0,0,0,0,0,0,1,1,0,0,0,0,0,0,0,0,0,0,0,0,0,0,0,0,0,0,0,0,0,0,2
USA,Americas,https://public.flourish.studio/country-flags/svg/us.svg,11,19,77,23,25,41,45,22,41,24,38,40,32,34,36,45,33,34,0,83,36,37,44,37,36,36,48,46,39,40,1102
USSR,Europe,https://public.flourish.studio/country-flags/svg/ru.svg,0,0,0,0,0,0,0,0,0,0,0,22,37,43,30,29,50,49,80,0,55,45,0,0,0,0,0,0,0,0,440
Uzbekistan,Asia,https://public.flourish.studio/country-flags/svg/uz.svg,0,0,0,0,0,0,0,0,0,0,0,0,0,0,0,0,0,0,0,0,0,0,0,1,2,0,0,4,3,8,18
Vanuatu,Oceania,https://public.flourish.studio/country-flags/svg/vu.svg,0,0,0,0,0,0,0,0,0,0,0,0,0,0,0,0,0,0,0,0,0,0,0,0,0,0,0,0,0,0,0
Venezuela,Americas,https://public.flourish.studio/country-flags/svg/ve.svg,0,0,0,0,0,0,0,0,0,0,0,0,0,0,0,1,0,0,0,0,0,0,0,0,0,0,1,0,1,0,3
Vietnam,Asia,https://public.flourish.studio/country-flags/svg/vn.svg,0,0,0,0,0,0,0,0,0,0,0,0,0,0,0,0,0,0,0,0,0,0,0,0,0,0,0,1,0,0,1
Virgin Islands (U.S.),Americas,https://public.flourish.studio/country-flags/svg/vi.svg,0,0,0,0,0,0,0,0,0,0,0,0,0,0,0,0,0,0,0,0,0,0,0,0,0,0,0,0,0,0,0
West Bank and Gaza,Asia,https://public.flourish.studio/country-flags/svg/ps.svg,0,0,0,0,0,0,0,0,0,0,0,0,0,0,0,0,0,0,0,0,0,0,0,0,0,0,0,0,0,0,0
"Yemen, Rep.",Asia,https://public.flourish.studio/country-flags/svg/ye.svg,0,0,0,0,0,0,0,0,0,0,0,0,0,0,0,0,0,0,0,0,0,0,0,0,0,0,0,0,0,0,0
Yugoslavia,,,0,0,0,0,0,0,2,1,0,0,0,1,0,1,2,3,2,2,2,7,3,0,0,0,0,0,0,0,0,0,26
Yugoslavia Federal Republic,,,0,0,0,0,0,0,0,0,0,0,0,0,0,0,0,0,0,0,0,0,0,0,1,1,0,0,0,0,0,0,2
Zambia,Africa,https://public.flourish.studio/country-flags/svg/zm.svg,0,0,0,0,0,0,0,0,0,0,0,0,0,0,0,0,0,0,0,0,0,0,0,0,0,0,0,0,0,0,0
Zimbabwe,Africa,https://public.flourish.studio/country-flags/svg/zw.svg,0,0,0,0,0,0,0,0,0,0,0,0,0,0,0,0,0,0,1,0,0,0,0,0,1,1,0,0,0,0,3
